{"cameraMode":{"drawMode":0,"name":"Shaded","section":"Shading Mode"},"sceneLighting":false,"audioPlay":false,"sceneViewState":{"m_AlwaysRefresh":false,"showFog":true,"showSkybox":false,"showFlares":true,"showImageEffects":true,"showParticleSystems":true,"showVisualEffectGraphs":true,"m_FxEnabled":true},"in2DMode":false,"pivot":{"x":-1.1700903177261353,"y":1.4193246364593506,"z":5.288317680358887},"rotation":{"x":0.003500610589981079,"y":0.9926701188087463,"z":-0.03641955927014351,"w":0.11566264927387238},"size":0.3103160262107849,"orthographic":false}